{"sections":{"blog-template":{"type":"blog-template","settings":{"section_padding_top":100,"section_padding_bottom":100,"section_padding_top_ip":80,"section_padding_bottom_ip":80,"section_padding_top_xs":60,"section_padding_bottom_xs":60,"section_bg_color_enable":false,"section_bg_color":"rgba(0,0,0,0)","blog_news_column":"6","blog_news_limit_handle":"12","blog_news_through":"By","blog_news_read_btn":"Read More","blog_news_cmt":"Comment","blog_news_sidebar_handle":"left_sidebar_handle","blog_search_bar_enable":true,"recent_post_enable":true,"archive_enable":false,"tags_enable":true}}},"order":["blog-template"]}