{"sections":{"payment-policy":{"type":"payment-policy","blocks":{"1601893731809":{"type":"payment-policy","settings":{"pay_img":"shopify:\/\/shop_images\/Payment-policy-01.png","pay_policy_que":"Visa method","pay_policy_ans1":"Lorem ipsum is simply\nof the printing and type."}},"1601893763146":{"type":"payment-policy","settings":{"pay_img":"shopify:\/\/shop_images\/Payment-policy-02.png","pay_policy_que":"Sage method","pay_policy_ans1":"Lorem ipsum is simply\nof the printing and type."}},"1601893916079":{"type":"payment-policy","settings":{"pay_img":"shopify:\/\/shop_images\/Payment-policy-03.png","pay_policy_que":"Paypal method","pay_policy_ans1":"Lorem ipsum is simply\nof the printing and type."}},"1601893950871":{"type":"payment-policy","settings":{"pay_img":"shopify:\/\/shop_images\/Payment-policy-04.png","pay_policy_que":"Maestro method","pay_policy_ans1":"Lorem ipsum is simply\nof the printing and type."}},"1601893982426":{"type":"payment-policy","settings":{"pay_img":"shopify:\/\/shop_images\/Payment-policy-05.png","pay_policy_que":"Eway method","pay_policy_ans1":"Lorem ipsum is simply\nof the printing and type."}},"1687b687-020e-49fb-bc15-b7e3e8400152":{"type":"payment-policy","settings":{"pay_img":"shopify:\/\/shop_images\/Payment-policy-06.png","pay_policy_que":"Discover method","pay_policy_ans1":"Lorem ipsum is simply\nof the printing and type."}}},"block_order":["1601893731809","1601893763146","1601893916079","1601893950871","1601893982426","1687b687-020e-49fb-bc15-b7e3e8400152"],"settings":{"section_padding_top":100,"section_padding_bottom":0,"section_padding_top_ipad":80,"section_padding_bottom_ipad":0,"section_padding_top_xs":60,"section_padding_bottom_xs":0,"section_bgcolor_enable":false,"section_bgcolor":"#f7f7f7","pay_policy_title":""}},"1663073340d3b11f09":{"type":"payment-policy-banner","blocks":{"6df3f0ac-317b-471a-9c27-2fc0a7889272":{"type":"block","settings":{"block_list":"Bank transfers are a payment method the from a customer bank to a merchant bank"}},"47be1bc8-6542-4f22-9bcb-ab9f177ab1e9":{"type":"block","settings":{"block_list":"To learn more, and to configure payment methods, define types payment methods"}},"172233cd-15cf-4c46-a41e-4623b33b37c7":{"type":"block","settings":{"block_list":"There are numerous tiers of credit cards, depending on the card brand\/network"}},"64d8e5b8-cfe2-467e-a8e3-25a76b832538":{"type":"block","settings":{"block_list":"This article introduces what payment method is applied to pay invoices in"}}},"block_order":["6df3f0ac-317b-471a-9c27-2fc0a7889272","47be1bc8-6542-4f22-9bcb-ab9f177ab1e9","172233cd-15cf-4c46-a41e-4623b33b37c7","64d8e5b8-cfe2-467e-a8e3-25a76b832538"],"settings":{"section_padding_top":100,"section_padding_bottom":0,"section_padding_top_ip":80,"section_padding_bottom_ip":0,"section_padding_top_xs":60,"section_padding_bottom_xs":0,"banner_img":"shopify:\/\/shop_images\/Untitled-28_776f31bb-f314-4f3c-aba9-a9995382c503.jpg","banner_title_1":"Payment method to credit card use one !"}},"1663128214b040143d":{"type":"payment-policy2","settings":{"section_padding_top":100,"section_padding_bottom":100,"section_padding_top_lg":80,"section_padding_bottom_lg":80,"section_padding_top_xs":60,"section_padding_bottom_xs":60,"main_title_1":"Different kinds of payment gateways","list_desc":"These terms will be governed by and interpreted in accordance with the laws of the state of country, and you submit to the non-exclusive jurisdiction of the state and federal courts located in country for the resolution of any disputes.","text_url":"","text_button":"Payment method"}}},"order":["payment-policy","1663073340d3b11f09","1663128214b040143d"]}