{"sections":{"return-policy":{"type":"return-policy","blocks":{"308cbb43-1aa5-42bc-a7d4-9c47c6fb7959":{"type":"accordion_area1","settings":{"accordion_ans1":"As sample store uses some of the latest graphics designs which may not be supported in lower version of browsers designs which may not be supported in lower version of browsers"}},"edd2e696-e648-49e4-b572-8aee63a3a00d":{"type":"accordion_area1","settings":{"accordion_ans1":"As sample store uses some of the latest graphics designs which may not be supported in lower version of browsers designs which may not be supported in lower version of browsers"}},"b225048e-516a-45e6-9043-2d3baedab066":{"type":"accordion_area1","settings":{"accordion_ans1":"As sample store uses some of the latest graphics designs which may not be supported in lower version of browsers designs which may not be supported in lower version of browsers"}},"bf8c1751-d217-45eb-876f-58e94656ea80":{"type":"accordion_area2","settings":{"accordion_ans2":"As sample store uses some of the latest graphics designs which may not be supported in lower version of browsers designs which may not be supported in lower version of browsers"}},"aa219476-fab9-4ae2-b5b9-d3db564b37e9":{"type":"accordion_area2","settings":{"accordion_ans2":"As sample store uses some of the latest graphics designs which may not be supported in lower version of browsers designs which may not be supported in lower version of browsers"}},"a1403dfe-6e0f-4951-b6f8-4b7f73755451":{"type":"accordion_area2","settings":{"accordion_ans2":"As sample store uses some of the latest graphics designs which may not be supported in lower version of browsers designs which may not be supported in lower version of browsers"}},"49014169-0d94-49f9-97f5-4ba958f0a535":{"type":"accordion_area3","settings":{"accordion_ans3":"As sample store uses some of the latest graphics designs which may not be supported in lower version of browsers designs which may not be supported in lower version of browsers"}},"659a87d5-dfae-41bc-b761-d2a325a7b523":{"type":"accordion_area3","settings":{"accordion_ans3":"As sample store uses some of the latest graphics designs which may not be supported in lower version of browsers designs which may not be supported in lower version of browsers"}},"c6c32598-9816-4cb2-b47f-c4640327e50e":{"type":"accordion_area3","settings":{"accordion_ans3":"As sample store uses some of the latest graphics designs which may not be supported in lower version of browsers designs which may not be supported in lower version of browsers"}},"ecfe592c-598b-4fb6-ac5b-c939e1b57eb1":{"type":"accordion_area4","settings":{"accordion_ans4":"As sample store uses some of the latest graphics designs which may not be supported in lower version of browsers designs which may not be supported in lower version of browsers"}},"26847542-e2e5-4f2d-83bf-5382954cf420":{"type":"accordion_area4","settings":{"accordion_ans4":"As sample store uses some of the latest graphics designs which may not be supported in lower version of browsers designs which may not be supported in lower version of browsers"}},"df57ae6b-8713-4bac-9b7d-6a3c4298eb6a":{"type":"accordion_area4","settings":{"accordion_ans4":"As sample store uses some of the latest graphics designs which may not be supported in lower version of browsers designs which may not be supported in lower version of browsers"}}},"block_order":["308cbb43-1aa5-42bc-a7d4-9c47c6fb7959","edd2e696-e648-49e4-b572-8aee63a3a00d","b225048e-516a-45e6-9043-2d3baedab066","bf8c1751-d217-45eb-876f-58e94656ea80","aa219476-fab9-4ae2-b5b9-d3db564b37e9","a1403dfe-6e0f-4951-b6f8-4b7f73755451","49014169-0d94-49f9-97f5-4ba958f0a535","659a87d5-dfae-41bc-b761-d2a325a7b523","c6c32598-9816-4cb2-b47f-c4640327e50e","ecfe592c-598b-4fb6-ac5b-c939e1b57eb1","26847542-e2e5-4f2d-83bf-5382954cf420","df57ae6b-8713-4bac-9b7d-6a3c4298eb6a"],"settings":{"section_padding_top":100,"section_padding_bottom":100,"section_padding_top_ipad":80,"section_padding_bottom_ipad":80,"section_padding_top_xs":60,"section_padding_bottom_xs":60,"section_title2":"Return policy 30 day","section_title3":"What is a return policy","section_title4":"Secure with your payment","section_bg_color":"rgba(0,0,0,0)"}}},"order":["return-policy"]}