{"sections":{"terms-conditions":{"type":"terms-conditions","blocks":{"7b24f5b7-384a-4bc1-be2e-393ee56e131b":{"type":"terms-condition","settings":{"terms_condi_point":"There are many variations of passages of lorem ipsum available, but the majority have suffered alteration in some form, by injected humour, or randomised words which don't look even slightly believable."}},"42da23e0-faf0-4082-b982-4157f207a5ab":{"type":"terms-condition","settings":{"terms_condi_point":"If you are going to use a passage of lorem ipsum, you need to be sure there isn't anything embarrassing hidden in the middle of text."}},"c4d1be07-7c37-44c1-8791-0a8b0465f755":{"type":"terms-condition","settings":{"terms_condi_point":"All the lorem ipsum generators on the Internet tend to repeat predefined chunks as necessary, making this the first true generator on the Internet."}},"26a681b0-796b-4c32-9281-7ce0ea6689b2":{"type":"terms-condition","settings":{"terms_condi_point":"It uses a dictionary of over 200 latin words, combined with a handful of model sentence structures, to generate lorem ipsum which looks reasonable."}},"6133b948-6689-4962-bb4e-e9d5e745b5ff":{"type":"terms-condition","settings":{"terms_condi_point":"The generated lorem ipsum is therefore always free from repetition, injected humour, or non-characteristic words etc."}},"9eb1c985-17dd-4b3c-8703-f8012072d561":{"type":"terms-condition","settings":{"terms_condi_point":"Lorem ipsum has been the industry's standard dummy text ever since the 1500s, when an unknown printer took a galley of type and scrambled it to make a type specimen book."}},"7aef2eb1-e729-461b-990a-aa2916d74715":{"type":"terms-condition","settings":{"terms_condi_point":"It was popularised in the 1960s with the release of letraset sheets containing lorem ipsum passages, and more recently with desktop publishing software like aldus pageMaker including versions of lorem ipsum."}},"7dc9fd97-7ba6-41e1-bd7f-c1a6a34b8b32":{"type":"terms-condition","settings":{"terms_condi_point":"Nemo enim ipsam voluptatem quia voluptas sit aspernatur aut odit aut fugit, sed quia consequuntur magni dolores eos qui ratione voluptatem sequi nesciunt. Neque porro quisquam est, qui dolorem ipsum quia dolor sit amet, consectetur, adipisci velit, sed quia non numquam eius modi tempora incidunt ut labore et dolore magnam aliquam quaerat voluptatem."}},"2dcc5062-935c-49c1-b89a-b6397b419be8":{"type":"terms-condition","settings":{"terms_condi_point":"But i must explain to you how all this mistaken idea of denouncing pleasure and praising pain was born and I will give you a complete account of the system, and expound the actual teachings of the great explorer of the truth, the master-builder of human happiness."}},"41c9eb63-0522-4d79-bdaf-ce8efb19126c":{"type":"terms-condition","settings":{"terms_condi_point":"No one rejects, dislikes, or avoids pleasure itself, because it is pleasure, but because those who do not know how to pursue pleasure rationally encounter consequences that are extremely painful."}}},"block_order":["7b24f5b7-384a-4bc1-be2e-393ee56e131b","42da23e0-faf0-4082-b982-4157f207a5ab","c4d1be07-7c37-44c1-8791-0a8b0465f755","26a681b0-796b-4c32-9281-7ce0ea6689b2","6133b948-6689-4962-bb4e-e9d5e745b5ff","9eb1c985-17dd-4b3c-8703-f8012072d561","7aef2eb1-e729-461b-990a-aa2916d74715","7dc9fd97-7ba6-41e1-bd7f-c1a6a34b8b32","2dcc5062-935c-49c1-b89a-b6397b419be8","41c9eb63-0522-4d79-bdaf-ce8efb19126c"],"settings":{"section_padding_top":100,"section_padding_bottom":100,"section_padding_top_lg":80,"section_padding_bottom_lg":80,"section_padding_top_xs":60,"section_padding_bottom_xs":60,"terms_condi_title_1":"Terms","terms_condi_title_2":"& Conditions"}}},"order":["terms-conditions"]}