{"sections":{"product-template":{"type":"product-template","blocks":{"title_wrap":{"type":"title_wrap","settings":{}},"product_review_p4QrGQ":{"type":"product_review","settings":{"review_enable":true,"fakesold_enable":true,"mins":5,"maxs":25,"mint":3,"maxt":24,"sold_in_last":"sold in last","hours":"hours"}},"product_info_DqdFqF":{"type":"product_info","settings":{}},"short_description":{"type":"short_description","settings":{}},"9286de46-bae8-48d3-96cb-39329fcfe05c":{"type":"product_variant_picker","settings":{"product_variant_handle":"product_variant_swatch_option","product_variant_color_image_enable":true}},"product_sku":{"type":"product_sku","settings":{"product_sku_title":"SKU:","social_share_enable":true,"social_share_title":"Share:"}},"payment_img":{"type":"payment_img","settings":{}}},"block_order":["title_wrap","product_review_p4QrGQ","product_info_DqdFqF","short_description","9286de46-bae8-48d3-96cb-39329fcfe05c","product_sku","payment_img"],"settings":{"section_padding_top":100,"section_padding_bottom":0,"section_padding_top_ipad":80,"section_padding_bottom_ipad":0,"section_padding_top_xs":60,"section_padding_bottom_xs":0,"product_style_handle":"style_1","pro_bg_color":"rgba(0,0,0,0)","border":1,"border_color":"#808080","border_enable":true,"border_color_opacity":0.2,"zoom_enable":true,"availability_title":"Availability:","brand_title":"Brand:","in_stock_title":"In stock","out_of_stock_title":"Out of stock"}},"single-product-tab":{"type":"single-product-tab","blocks":{"69f041ed-e935-4b3f-9d74-23f751e3e6eb":{"type":"product_desc","settings":{"product_info_tab_title":"Description"}},"080850ed-c09e-4bae-80dd-c6930c35a9da":{"type":"additional_information","settings":{"additional_information_title":"Additional information"}},"judge_me_reviews_review_widget_rKrNJA":{"type":"shopify:\/\/apps\/judge-me-reviews\/blocks\/review_widget\/61ccd3b1-a9f2-4160-9fe9-4fec8413e5d8","settings":{}}},"block_order":["69f041ed-e935-4b3f-9d74-23f751e3e6eb","080850ed-c09e-4bae-80dd-c6930c35a9da","judge_me_reviews_review_widget_rKrNJA"],"settings":{"section_padding_top":100,"section_padding_bottom":0,"section_padding_top_ipad":80,"section_padding_bottom_ipad":0,"section_padding_top_xs":60,"section_padding_bottom_xs":0,"section_bg_color_enable":false,"section_bg_color":"rgba(0,0,0,0)","border":1,"border_color":"#808080","border_enable":false,"border_color_opacity":0.2}},"related-product":{"type":"related-product","settings":{"section_padding_top":100,"section_padding_bottom":100,"section_padding_top_lg":80,"section_padding_bottom_lg":80,"section_padding_top_xs":60,"section_padding_bottom_xs":60,"section_bg_color":"rgba(0,0,0,0)","border":1,"border_color":"#808080","border_enable":false,"border_color_opacity":0.3,"section_title":"Related product","category_special_product_col":"1","category_special_product_limit":"4","section_product_limit_handle":"10"}}},"order":["product-template","single-product-tab","related-product"]}