Handle,Title,Body (HTML),Vendor,Product Category,Type,Tags,Published,Option1 Name,Option1 Value,Option1 Linked To,Option2 Name,Option2 Value,Option2 Linked To,Option3 Name,Option3 Value,Option3 Linked To,Variant SKU,Variant Grams,Variant Inventory Tracker,Variant Inventory Qty,Variant Inventory Policy,Variant Fulfillment Service,Variant Price,Variant Compare At Price,Variant Requires Shipping,Variant Taxable,Variant Barcode,Image Src,Image Position,Image Alt Text,Gift Card,SEO Title,SEO Description,Google Shopping / Google Product Category,Google Shopping / Gender,Google Shopping / Age Group,Google Shopping / MPN,Google Shopping / Condition,Google Shopping / Custom Product,Google Shopping / Custom Label 0,Google Shopping / Custom Label 1,Google Shopping / Custom Label 2,Google Shopping / Custom Label 3,Google Shopping / Custom Label 4,short description (product.metafields.custom.short_description),timer (product.metafields.custom.timer),video (product.metafields.custom.video),Complementary products (product.metafields.shopify--discovery--product_recommendation.complementary_products),Related products (product.metafields.shopify--discovery--product_recommendation.related_products),Related products settings (product.metafields.shopify--discovery--product_recommendation.related_products_display),Variant Image,Variant Weight Unit,Variant Tax Code,Cost per item,Included / Australia,Price / Australia,Compare At Price / Australia,Included / International,Price / International,Compare At Price / International,Status
bowl-stand-mixer,Bowl stand mixer,"<div class=""more-description"">
<h2>More Detail</h2>
<ul>
<li>
<p>Lorem Ipsum is simply dummy text of the printing and typesetting industry</p>
</li>
<li>
<p>Lorem Ipsum has been the ‘s standard dummy text. Lorem Ipsumum is simply dummy text.</p>
</li>
<li>
<p>type here your detail one by one li more add</p>
</li>
<li>
<p>has been the industry’s standard dummy text ever since. Lorem Ips</p>
</li>
<li>
<p>Lorem Ipsum is simply dummy text of the printing and typesetting industry.</p>
</li>
<li>
<p>Lorem Ipsum is simply dummy text of the printing and typesetting industry. Lorem Ipsum has been the ‘s standard dummy text. Lorem Ipsum has been the industry’s standard dummy text ever since. Lorem Ipsum is simply dummy text.</p>
</li>
</ul>
</div>
<div class=""more-description"">
<h2>Key Specification</h2>
<ul>
<li>
<p>Lorem Ipsum is simply dummy text of the printing and typesetting industry</p>
</li>
<li>
<p>Lorem Ipsum has been the ‘s standard dummy text. Lorem Ipsumum is simply dummy text.</p>
</li>
<li>
<p>type here your detail one by one li more add</p>
</li>
<li>
<p>has been the industry’s standard dummy text ever since. Lorem Ips</p>
</li>
<li>
<p>Lorem Ipsum is simply dummy text of the printing and typesetting industry.</p>
</li>
<li>
<p>Lorem Ipsum is simply dummy text of the printing and typesetting industry. Lorem Ipsum has been the ‘s standard dummy text. Lorem Ipsum has been the industry’s standard dummy text ever since. Lorem Ipsum is simply dummy text.</p>
</li>
<li>
<p>Lorem Ipsum is simply dummy text of the printing and typesetting industry. Lorem Ipsum has been the ‘s standard dummy text. Lorem Ipsum has been the industry’s standard dummy text ever since. Lorem Ipsum is simply dummy text.</p>
</li>
</ul>
</div>",Knifo,Home & Garden > Kitchen & Dining > Kitchen Appliances,Appliances,"appliances, crimson, knifo, mixer, red, salmon",true,Color,Red,,,,,,,,abccd-17,0.0,shopify,22,deny,manual,269.00,299.00,true,true,,https://cdn.shopify.com/s/files/1/0711/4185/1395/files/pro-1_709cd496-e37e-45e2-aa46-7d2b3f3923a5.jpg?v=1723101710,1,"",false,,,,,,,,,,,,,,Lorem Ipsum is simply dummy text of the printing and typesetting industry. Lorem Ipsum has been the industry's standa,'2026-04-30,,,,,https://cdn.shopify.com/s/files/1/0711/4185/1395/files/pro-1_709cd496-e37e-45e2-aa46-7d2b3f3923a5.jpg?v=1723101710,lb,,299.00,true,,,true,,,active
bowl-stand-mixer,,,,,,,,,Crimson,,,,,,,,abccd-16,0.0,shopify,26,deny,manual,279.00,299.00,true,true,,https://cdn.shopify.com/s/files/1/0711/4185/1395/files/pro-2_8da7459c-eb43-4fb5-8aa3-621aabdcc696.jpg?v=1723101283,2,"",,,,,,,,,,,,,,,,,,,,,https://cdn.shopify.com/s/files/1/0711/4185/1395/files/pro-5.jpg?v=1723101283,lb,,299.00,,,,,,,
bowl-stand-mixer,,,,,,,,,Salmon,,,,,,,,abccd-18,0.0,shopify,72,deny,manual,275.00,299.00,true,true,,https://cdn.shopify.com/s/files/1/0711/4185/1395/files/pro-4.jpg?v=1723101283,3,"",,,,,,,,,,,,,,,,,,,,,https://cdn.shopify.com/s/files/1/0711/4185/1395/files/pro-4.jpg?v=1723101283,lb,,299.00,,,,,,,
bowl-stand-mixer,,,,,,,,,,,,,,,,,,,,,,,,,,,,https://cdn.shopify.com/s/files/1/0711/4185/1395/files/pro-3.jpg?v=1723101283,4,"",,,,,,,,,,,,,,,,,,,,,,,,,,,,,,,
bowl-stand-mixer,,,,,,,,,,,,,,,,,,,,,,,,,,,,https://cdn.shopify.com/s/files/1/0711/4185/1395/files/pro-5.jpg?v=1723101283,5,"",,,,,,,,,,,,,,,,,,,,,,,,,,,,,,,
4-slice-toaster,4 Slice toaster,"<div class=""more-description"">
<h2>More Detail</h2>
<ul>
<li>
<p>Lorem Ipsum is simply dummy text of the printing and typesetting industry</p>
</li>
<li>
<p>Lorem Ipsum has been the ‘s standard dummy text. Lorem Ipsumum is simply dummy text.</p>
</li>
<li>
<p>type here your detail one by one li more add</p>
</li>
<li>
<p>has been the industry’s standard dummy text ever since. Lorem Ips</p>
</li>
<li>
<p>Lorem Ipsum is simply dummy text of the printing and typesetting industry.</p>
</li>
<li>
<p>Lorem Ipsum is simply dummy text of the printing and typesetting industry. Lorem Ipsum has been the ‘s standard dummy text. Lorem Ipsum has been the industry’s standard dummy text ever since. Lorem Ipsum is simply dummy text.</p>
</li>
</ul>
</div>
<div class=""more-description"">
<h2>Key Specification</h2>
<ul>
<li>
<p>Lorem Ipsum is simply dummy text of the printing and typesetting industry</p>
</li>
<li>
<p>Lorem Ipsum has been the ‘s standard dummy text. Lorem Ipsumum is simply dummy text.</p>
</li>
<li>
<p>type here your detail one by one li more add</p>
</li>
<li>
<p>has been the industry’s standard dummy text ever since. Lorem Ips</p>
</li>
<li>
<p>Lorem Ipsum is simply dummy text of the printing and typesetting industry.</p>
</li>
<li>
<p>Lorem Ipsum is simply dummy text of the printing and typesetting industry. Lorem Ipsum has been the ‘s standard dummy text. Lorem Ipsum has been the industry’s standard dummy text ever since. Lorem Ipsum is simply dummy text.</p>
</li>
<li>
<p>Lorem Ipsum is simply dummy text of the printing and typesetting industry. Lorem Ipsum has been the ‘s standard dummy text. Lorem Ipsum has been the industry’s standard dummy text ever since. Lorem Ipsum is simply dummy text.</p>
</li>
</ul>
</div>",Knifo,Home & Garden > Kitchen & Dining > Kitchen Appliances,Appliances,"appliances, darkseagreen, knifo, tan, toaster, wheat",true,Color,Wheat,,,,,,,,abccd-17,0.0,shopify,65,deny,manual,229.00,,true,true,,https://cdn.shopify.com/s/files/1/0711/4185/1395/files/pro-56.jpg?v=1723185876,1,"",false,,,,,,,,,,,,,,Lorem Ipsum is simply dummy text of the printing and typesetting industry. Lorem Ipsum has been the industry's standa,'2025-12-27,,,,,https://cdn.shopify.com/s/files/1/0711/4185/1395/files/pro-56.jpg?v=1723185876,lb,,249.00,true,,,true,,,active
4-slice-toaster,,,,,,,,,Darkseagreen,,,,,,,,abccd-16,0.0,shopify,89,deny,manual,245.00,,true,true,,https://cdn.shopify.com/s/files/1/0711/4185/1395/files/pro-58.jpg?v=1723185876,2,"",,,,,,,,,,,,,,,,,,,,,https://cdn.shopify.com/s/files/1/0711/4185/1395/files/pro-60.jpg?v=1723185876,lb,,249.00,,,,,,,
4-slice-toaster,,,,,,,,,Tan,,,,,,,,abccd-14,0.0,shopify,31,deny,manual,219.00,,true,true,,https://cdn.shopify.com/s/files/1/0711/4185/1395/files/pro-59.jpg?v=1723185876,3,"",,,,,,,,,,,,,,,,,,,,,https://cdn.shopify.com/s/files/1/0711/4185/1395/files/pro-59.jpg?v=1723185876,lb,,249.00,,,,,,,
4-slice-toaster,,,,,,,,,,,,,,,,,,,,,,,,,,,,https://cdn.shopify.com/s/files/1/0711/4185/1395/files/pro-57.jpg?v=1723185876,4,"",,,,,,,,,,,,,,,,,,,,,,,,,,,,,,,
4-slice-toaster,,,,,,,,,,,,,,,,,,,,,,,,,,,,https://cdn.shopify.com/s/files/1/0711/4185/1395/files/pro-60.jpg?v=1723185876,5,"",,,,,,,,,,,,,,,,,,,,,,,,,,,,,,,
temperature-kettle,Temperature kettle,"<div class=""more-description"">
<h2>More Detail</h2>
<ul>
<li>
<p>Lorem Ipsum is simply dummy text of the printing and typesetting industry</p>
</li>
<li>
<p>Lorem Ipsum has been the ‘s standard dummy text. Lorem Ipsumum is simply dummy text.</p>
</li>
<li>
<p>type here your detail one by one li more add</p>
</li>
<li>
<p>has been the industry’s standard dummy text ever since. Lorem Ips</p>
</li>
<li>
<p>Lorem Ipsum is simply dummy text of the printing and typesetting industry.</p>
</li>
<li>
<p>Lorem Ipsum is simply dummy text of the printing and typesetting industry. Lorem Ipsum has been the ‘s standard dummy text. Lorem Ipsum has been the industry’s standard dummy text ever since. Lorem Ipsum is simply dummy text.</p>
</li>
</ul>
</div>
<div class=""more-description"">
<h2>Key Specification</h2>
<ul>
<li>
<p>Lorem Ipsum is simply dummy text of the printing and typesetting industry</p>
</li>
<li>
<p>Lorem Ipsum has been the ‘s standard dummy text. Lorem Ipsumum is simply dummy text.</p>
</li>
<li>
<p>type here your detail one by one li more add</p>
</li>
<li>
<p>has been the industry’s standard dummy text ever since. Lorem Ips</p>
</li>
<li>
<p>Lorem Ipsum is simply dummy text of the printing and typesetting industry.</p>
</li>
<li>
<p>Lorem Ipsum is simply dummy text of the printing and typesetting industry. Lorem Ipsum has been the ‘s standard dummy text. Lorem Ipsum has been the industry’s standard dummy text ever since. Lorem Ipsum is simply dummy text.</p>
</li>
<li>
<p>Lorem Ipsum is simply dummy text of the printing and typesetting industry. Lorem Ipsum has been the ‘s standard dummy text. Lorem Ipsum has been the industry’s standard dummy text ever since. Lorem Ipsum is simply dummy text.</p>
</li>
</ul>
</div>",Knifo,Home & Garden > Kitchen & Dining > Kitchen Appliances,Appliances,"appliances, darkseagreen, kettle, khaki, knifo, moccasin",true,Color,Moccasin,,,,,,,,abccd-16,0.0,shopify,26,deny,manual,279.00,299.00,true,true,,https://cdn.shopify.com/s/files/1/0711/4185/1395/files/pro-51.jpg?v=1723183461,1,"",false,,,,,,,,,,,,,,Lorem Ipsum is simply dummy text of the printing and typesetting industry. Lorem Ipsum has been the industry's standa,'2026-02-26,,,,,https://cdn.shopify.com/s/files/1/0711/4185/1395/files/pro-51.jpg?v=1723183461,lb,,299.00,true,,,true,,,active
temperature-kettle,,,,,,,,,Khaki,,,,,,,,abccd-18,0.0,shopify,22,deny,manual,269.00,299.00,true,true,,https://cdn.shopify.com/s/files/1/0711/4185/1395/files/pro-52.jpg?v=1723183461,2,"",,,,,,,,,,,,,,,,,,,,,https://cdn.shopify.com/s/files/1/0711/4185/1395/files/pro-55.jpg?v=1723183461,lb,,299.00,,,,,,,
temperature-kettle,,,,,,,,,Darkseagreen,,,,,,,,abccd-19,0.0,shopify,72,deny,manual,275.00,299.00,true,true,,https://cdn.shopify.com/s/files/1/0711/4185/1395/files/pro-53.jpg?v=1723183461,3,"",,,,,,,,,,,,,,,,,,,,,https://cdn.shopify.com/s/files/1/0711/4185/1395/files/pro-53.jpg?v=1723183461,lb,,299.00,,,,,,,
temperature-kettle,,,,,,,,,,,,,,,,,,,,,,,,,,,,https://cdn.shopify.com/s/files/1/0711/4185/1395/files/pro-54.jpg?v=1723183461,4,"",,,,,,,,,,,,,,,,,,,,,,,,,,,,,,,
temperature-kettle,,,,,,,,,,,,,,,,,,,,,,,,,,,,https://cdn.shopify.com/s/files/1/0711/4185/1395/files/pro-55.jpg?v=1723183461,5,"",,,,,,,,,,,,,,,,,,,,,,,,,,,,,,,
electric-kettle,Electric kettle,"<div class=""more-description"">
<h2>More Detail</h2>
<ul>
<li>
<p>Lorem Ipsum is simply dummy text of the printing and typesetting industry</p>
</li>
<li>
<p>Lorem Ipsum has been the ‘s standard dummy text. Lorem Ipsumum is simply dummy text.</p>
</li>
<li>
<p>type here your detail one by one li more add</p>
</li>
<li>
<p>has been the industry’s standard dummy text ever since. Lorem Ips</p>
</li>
<li>
<p>Lorem Ipsum is simply dummy text of the printing and typesetting industry.</p>
</li>
<li>
<p>Lorem Ipsum is simply dummy text of the printing and typesetting industry. Lorem Ipsum has been the ‘s standard dummy text. Lorem Ipsum has been the industry’s standard dummy text ever since. Lorem Ipsum is simply dummy text.</p>
</li>
</ul>
</div>
<div class=""more-description"">
<h2>Key Specification</h2>
<ul>
<li>
<p>Lorem Ipsum is simply dummy text of the printing and typesetting industry</p>
</li>
<li>
<p>Lorem Ipsum has been the ‘s standard dummy text. Lorem Ipsumum is simply dummy text.</p>
</li>
<li>
<p>type here your detail one by one li more add</p>
</li>
<li>
<p>has been the industry’s standard dummy text ever since. Lorem Ips</p>
</li>
<li>
<p>Lorem Ipsum is simply dummy text of the printing and typesetting industry.</p>
</li>
<li>
<p>Lorem Ipsum is simply dummy text of the printing and typesetting industry. Lorem Ipsum has been the ‘s standard dummy text. Lorem Ipsum has been the industry’s standard dummy text ever since. Lorem Ipsum is simply dummy text.</p>
</li>
<li>
<p>Lorem Ipsum is simply dummy text of the printing and typesetting industry. Lorem Ipsum has been the ‘s standard dummy text. Lorem Ipsum has been the industry’s standard dummy text ever since. Lorem Ipsum is simply dummy text.</p>
</li>
</ul>
</div>",Knifo,Home & Garden > Kitchen & Dining > Kitchen Appliances,Appliances,"appliances, black, kettle, knifo, red, silver",true,Color,Black,,,,,,,,abccd-18,0.0,shopify,99,deny,manual,135.00,149.00,true,true,,https://cdn.shopify.com/s/files/1/0711/4185/1395/files/pro-46.jpg?v=1723183236,1,"",false,,,,,,,,,,,,,,Lorem Ipsum is simply dummy text of the printing and typesetting industry. Lorem Ipsum has been the industry's standa,'2025-10-29,,,,,https://cdn.shopify.com/s/files/1/0711/4185/1395/files/pro-46.jpg?v=1723183236,lb,,149.00,true,,,true,,,active
electric-kettle,,,,,,,,,Red,,,,,,,,abccd-19,0.0,shopify,88,deny,manual,145.00,149.00,true,true,,https://cdn.shopify.com/s/files/1/0711/4185/1395/files/pro-47.jpg?v=1723183236,2,"",,,,,,,,,,,,,,,,,,,,,https://cdn.shopify.com/s/files/1/0711/4185/1395/files/pro-49.jpg?v=1723183236,lb,,149.00,,,,,,,
electric-kettle,,,,,,,,,Silver,,,,,,,,abccd-16,0.0,shopify,36,deny,manual,125.00,149.00,true,true,,https://cdn.shopify.com/s/files/1/0711/4185/1395/files/pro-50.jpg?v=1723183236,3,"",,,,,,,,,,,,,,,,,,,,,https://cdn.shopify.com/s/files/1/0711/4185/1395/files/pro-50.jpg?v=1723183236,lb,,149.00,,,,,,,
electric-kettle,,,,,,,,,,,,,,,,,,,,,,,,,,,,https://cdn.shopify.com/s/files/1/0711/4185/1395/files/pro-48.jpg?v=1723183236,4,"",,,,,,,,,,,,,,,,,,,,,,,,,,,,,,,
electric-kettle,,,,,,,,,,,,,,,,,,,,,,,,,,,,https://cdn.shopify.com/s/files/1/0711/4185/1395/files/pro-49.jpg?v=1723183236,5,"",,,,,,,,,,,,,,,,,,,,,,,,,,,,,,,
speed-blender,Speed blender,"<div class=""more-description"">
<h2>More Detail</h2>
<ul>
<li>
<p>Lorem Ipsum is simply dummy text of the printing and typesetting industry</p>
</li>
<li>
<p>Lorem Ipsum has been the ‘s standard dummy text. Lorem Ipsumum is simply dummy text.</p>
</li>
<li>
<p>type here your detail one by one li more add</p>
</li>
<li>
<p>has been the industry’s standard dummy text ever since. Lorem Ips</p>
</li>
<li>
<p>Lorem Ipsum is simply dummy text of the printing and typesetting industry.</p>
</li>
<li>
<p>Lorem Ipsum is simply dummy text of the printing and typesetting industry. Lorem Ipsum has been the ‘s standard dummy text. Lorem Ipsum has been the industry’s standard dummy text ever since. Lorem Ipsum is simply dummy text.</p>
</li>
</ul>
</div>
<div class=""more-description"">
<h2>Key Specification</h2>
<ul>
<li>
<p>Lorem Ipsum is simply dummy text of the printing and typesetting industry</p>
</li>
<li>
<p>Lorem Ipsum has been the ‘s standard dummy text. Lorem Ipsumum is simply dummy text.</p>
</li>
<li>
<p>type here your detail one by one li more add</p>
</li>
<li>
<p>has been the industry’s standard dummy text ever since. Lorem Ips</p>
</li>
<li>
<p>Lorem Ipsum is simply dummy text of the printing and typesetting industry.</p>
</li>
<li>
<p>Lorem Ipsum is simply dummy text of the printing and typesetting industry. Lorem Ipsum has been the ‘s standard dummy text. Lorem Ipsum has been the industry’s standard dummy text ever since. Lorem Ipsum is simply dummy text.</p>
</li>
<li>
<p>Lorem Ipsum is simply dummy text of the printing and typesetting industry. Lorem Ipsum has been the ‘s standard dummy text. Lorem Ipsum has been the industry’s standard dummy text ever since. Lorem Ipsum is simply dummy text.</p>
</li>
</ul>
</div>",Knifo,Home & Garden > Kitchen & Dining > Kitchen Appliances,Appliances,"appliances, blender, crimson, knifo, lightpink, skyblue",true,Color,Skyblue,,,,,,,,abccd-11,0.0,shopify,33,deny,manual,321.00,,true,true,,https://cdn.shopify.com/s/files/1/0711/4185/1395/files/pro-42.jpg?v=1723182728,1,"",false,,,,,,,,,,,,,,Lorem Ipsum is simply dummy text of the printing and typesetting industry. Lorem Ipsum has been the industry's standa,'2026-03-13,,,,,https://cdn.shopify.com/s/files/1/0711/4185/1395/files/pro-42.jpg?v=1723182728,lb,,325.00,true,,,true,,,active
speed-blender,,,,,,,,,Lightpink,,,,,,,,abccd-12,0.0,shopify,24,deny,manual,319.00,,true,true,,https://cdn.shopify.com/s/files/1/0711/4185/1395/files/pro-41.jpg?v=1723182728,2,"",,,,,,,,,,,,,,,,,,,,,https://cdn.shopify.com/s/files/1/0711/4185/1395/files/pro-45.jpg?v=1723182729,lb,,325.00,,,,,,,
speed-blender,,,,,,,,,Crimson,,,,,,,,abccd-13,0.0,shopify,30,deny,manual,299.00,,true,true,,https://cdn.shopify.com/s/files/1/0711/4185/1395/files/pro-43.jpg?v=1723182729,3,"",,,,,,,,,,,,,,,,,,,,,https://cdn.shopify.com/s/files/1/0711/4185/1395/files/pro-43.jpg?v=1723182729,lb,,325.00,,,,,,,
speed-blender,,,,,,,,,,,,,,,,,,,,,,,,,,,,https://cdn.shopify.com/s/files/1/0711/4185/1395/files/pro-44.jpg?v=1723182729,4,"",,,,,,,,,,,,,,,,,,,,,,,,,,,,,,,
speed-blender,,,,,,,,,,,,,,,,,,,,,,,,,,,,https://cdn.shopify.com/s/files/1/0711/4185/1395/files/pro-45.jpg?v=1723182729,5,"",,,,,,,,,,,,,,,,,,,,,,,,,,,,,,,
wooden-spatulas,Wooden spatulas,"<div class=""more-description"">
<h2>More Detail</h2>
<ul>
<li>
<p>Lorem Ipsum is simply dummy text of the printing and typesetting industry</p>
</li>
<li>
<p>Lorem Ipsum has been the ‘s standard dummy text. Lorem Ipsumum is simply dummy text.</p>
</li>
<li>
<p>type here your detail one by one li more add</p>
</li>
<li>
<p>has been the industry’s standard dummy text ever since. Lorem Ips</p>
</li>
<li>
<p>Lorem Ipsum is simply dummy text of the printing and typesetting industry.</p>
</li>
<li>
<p>Lorem Ipsum is simply dummy text of the printing and typesetting industry. Lorem Ipsum has been the ‘s standard dummy text. Lorem Ipsum has been the industry’s standard dummy text ever since. Lorem Ipsum is simply dummy text.</p>
</li>
</ul>
</div>
<div class=""more-description"">
<h2>Key Specification</h2>
<ul>
<li>
<p>Lorem Ipsum is simply dummy text of the printing and typesetting industry</p>
</li>
<li>
<p>Lorem Ipsum has been the ‘s standard dummy text. Lorem Ipsumum is simply dummy text.</p>
</li>
<li>
<p>type here your detail one by one li more addPlay Mats &amp; Gyms</p>
</li>
<li>
<p>has been the industry’s standard dummy text ever since. Lorem Ips</p>
</li>
<li>
<p>Lorem Ipsum is simply dummy text of the printing and typesetting industry.</p>
</li>
<li>
<p>Lorem Ipsum is simply dummy text of the printing and typesetting industry. Lorem Ipsum has been the ‘s standard dummy text. Lorem Ipsum has been the industry’s standard dummy text ever since. Lorem Ipsum is simply dummy text.</p>
</li>
<li>
<p>Lorem Ipsum is simply dummy text of the printing and typesetting industry. Lorem Ipsum has been the ‘s standard dummy text. Lorem Ipsum has been the industry’s standard dummy text ever since. Lorem Ipsum is simply dummy text.</p>
</li>
</ul>
</div>",Knifo,Home & Garden > Kitchen & Dining > Kitchen Appliances,Appliances,"appliances, coral, darksalmon, knifo, orange, spatulas",true,Color,Darksalmon,,,,,,,,abccd-14,0.0,shopify,20,deny,manual,269.00,599.00,true,true,,https://cdn.shopify.com/s/files/1/0711/4185/1395/files/pro-36.jpg?v=1723182523,1,"",false,,,,,,,,,,,,,,Lorem Ipsum is simply dummy text of the printing and typesetting industry. Lorem Ipsum has been the industry's standa,,,,,,https://cdn.shopify.com/s/files/1/0711/4185/1395/files/pro-36.jpg?v=1723182523,lb,,599.00,true,,,true,,,active
wooden-spatulas,,,,,,,,,Coral,,,,,,,,abccd-18,0.0,shopify,31,deny,manual,559.00,599.00,true,true,,https://cdn.shopify.com/s/files/1/0711/4185/1395/files/pro-38.jpg?v=1723182523,2,"",,,,,,,,,,,,,,,,,,,,,https://cdn.shopify.com/s/files/1/0711/4185/1395/files/pro-39.jpg?v=1723182523,lb,,599.00,,,,,,,
wooden-spatulas,,,,,,,,,Orange,,,,,,,,abccd-16,0.0,shopify,15,deny,manual,589.00,599.00,true,true,,https://cdn.shopify.com/s/files/1/0711/4185/1395/files/pro-40.jpg?v=1723182523,3,"",,,,,,,,,,,,,,,,,,,,,https://cdn.shopify.com/s/files/1/0711/4185/1395/files/pro-40.jpg?v=1723182523,lb,,599.00,,,,,,,
wooden-spatulas,,,,,,,,,,,,,,,,,,,,,,,,,,,,https://cdn.shopify.com/s/files/1/0711/4185/1395/files/pro-37.jpg?v=1723182523,4,"",,,,,,,,,,,,,,,,,,,,,,,,,,,,,,,
wooden-spatulas,,,,,,,,,,,,,,,,,,,,,,,,,,,,https://cdn.shopify.com/s/files/1/0711/4185/1395/files/pro-39.jpg?v=1723182523,5,"",,,,,,,,,,,,,,,,,,,,,,,,,,,,,,,
covered-casserole,Covered casserole,"<div class=""more-description"">
<h2>More Detail</h2>
<ul>
<li>
<p>Lorem Ipsum is simply dummy text of the printing and typesetting industry</p>
</li>
<li>
<p>Lorem Ipsum has been the ‘s standard dummy text. Lorem Ipsumum is simply dummy text.</p>
</li>
<li>
<p>type here your detail one by one li more add</p>
</li>
<li>
<p>has been the industry’s standard dummy text ever since. Lorem Ips</p>
</li>
<li>
<p>Lorem Ipsum is simply dummy text of the printing and typesetting industry.</p>
</li>
<li>
<p>Lorem Ipsum is simply dummy text of the printing and typesetting industry. Lorem Ipsum has been the ‘s standard dummy text. Lorem Ipsum has been the industry’s standard dummy text ever since. Lorem Ipsum is simply dummy text.</p>
</li>
</ul>
</div>
<div class=""more-description"">
<h2>Key Specification</h2>
<ul>
<li>
<p>Lorem Ipsum is simply dummy text of the printing and typesetting industry</p>
</li>
<li>
<p>Lorem Ipsum has been the ‘s standard dummy text. Lorem Ipsumum is simply dummy text.</p>
</li>
<li>
<p>type here your detail one by one li more add</p>
</li>
<li>
<p>has been the industry’s standard dummy text ever since. Lorem Ips</p>
</li>
<li>
<p>Lorem Ipsum is simply dummy text of the printing and typesetting industry.</p>
</li>
<li>
<p>Lorem Ipsum is simply dummy text of the printing and typesetting industry. Lorem Ipsum has been the ‘s standard dummy text. Lorem Ipsum has been the industry’s standard dummy text ever since. Lorem Ipsum is simply dummy text.</p>
</li>
<li>
<p>Lorem Ipsum is simply dummy text of the printing and typesetting industry. Lorem Ipsum has been the ‘s standard dummy text. Lorem Ipsum has been the industry’s standard dummy text ever since. Lorem Ipsum is simply dummy text.</p>
</li>
</ul>
</div>",Knifo,Home & Garden > Kitchen & Dining > Kitchen Appliances,Appliances,"appliances, black, casserole, darkseagreen, knifo, red",true,Color,Red,,,,,,,,abccd-15,0.0,shopify,87,deny,manual,341.00,,true,true,,https://cdn.shopify.com/s/files/1/0711/4185/1395/files/pro-33.jpg?v=1723182247,1,"",false,,,,,,,,,,,,,,Lorem Ipsum is simply dummy text of the printing and typesetting industry. Lorem Ipsum has been the industry's standa,'2026-02-20,,,,,https://cdn.shopify.com/s/files/1/0711/4185/1395/files/pro-33.jpg?v=1723182247,lb,,399.00,true,,,true,,,active
covered-casserole,,,,,,,,,Black,,,,,,,,abccd-17,0.0,shopify,30,deny,manual,374.00,,true,true,,https://cdn.shopify.com/s/files/1/0711/4185/1395/files/pro-34.jpg?v=1723182247,2,"",,,,,,,,,,,,,,,,,,,,,https://cdn.shopify.com/s/files/1/0711/4185/1395/files/pro-32.jpg?v=1723182247,lb,,399.00,,,,,,,
covered-casserole,,,,,,,,,Darkseagreen,,,,,,,,abccd-19,0.0,shopify,24,deny,manual,369.00,,true,true,,https://cdn.shopify.com/s/files/1/0711/4185/1395/files/pro-35.jpg?v=1723182247,3,"",,,,,,,,,,,,,,,,,,,,,https://cdn.shopify.com/s/files/1/0711/4185/1395/files/pro-35.jpg?v=1723182247,lb,,399.00,,,,,,,
covered-casserole,,,,,,,,,,,,,,,,,,,,,,,,,,,,https://cdn.shopify.com/s/files/1/0711/4185/1395/files/pro-31.jpg?v=1723182247,4,"",,,,,,,,,,,,,,,,,,,,,,,,,,,,,,,
covered-casserole,,,,,,,,,,,,,,,,,,,,,,,,,,,,https://cdn.shopify.com/s/files/1/0711/4185/1395/files/pro-32.jpg?v=1723182247,5,"",,,,,,,,,,,,,,,,,,,,,,,,,,,,,,,
speed-hand-mixer,Speed hand mixer,"<div class=""more-description"">
<h2>More Detail</h2>
<ul>
<li>
<p>Lorem Ipsum is simply dummy text of the printing and typesetting industry</p>
</li>
<li>
<p>Lorem Ipsum has been the ‘s standard dummy text. Lorem Ipsumum is simply dummy text.</p>
</li>
<li>
<p>type here your detail one by one li more add</p>
</li>
<li>
<p>has been the industry’s standard dummy text ever since. Lorem Ips</p>
</li>
<li>
<p>Lorem Ipsum is simply dummy text of the printing and typesetting industry.</p>
</li>
<li>
<p>Lorem Ipsum is simply dummy text of the printing and typesetting industry. Lorem Ipsum has been the ‘s standard dummy text. Lorem Ipsum has been the industry’s standard dummy text ever since. Lorem Ipsum is simply dummy text.</p>
</li>
</ul>
</div>
<div class=""more-description"">
<h2>Key Specification</h2>
<ul>
<li>
<p>Lorem Ipsum is simply dummy text of the printing and typesetting industry</p>
</li>
<li>
<p>Lorem Ipsum has been the ‘s standard dummy text. Lorem Ipsumum is simply dummy text.</p>
</li>
<li>
<p>type here your detail one by one li more add</p>
</li>
<li>
<p>has been the industry’s standard dummy text ever since. Lorem Ips</p>
</li>
<li>
<p>Lorem Ipsum is simply dummy text of the printing and typesetting industry.</p>
</li>
<li>
<p>Lorem Ipsum is simply dummy text of the printing and typesetting industry. Lorem Ipsum has been the ‘s standard dummy text. Lorem Ipsum has been the industry’s standard dummy text ever since. Lorem Ipsum is simply dummy text.</p>
</li>
<li>
<p>Lorem Ipsum is simply dummy text of the printing and typesetting industry. Lorem Ipsum has been the ‘s standard dummy text. Lorem Ipsum has been the industry’s standard dummy text ever since. Lorem Ipsum is simply dummy text.</p>
</li>
</ul>
</div>",Knifo,Home & Garden > Kitchen & Dining > Kitchen Appliances,Appliances,"appliances, black, crimson, darkseagreen, knifo, mixer",true,Color,Darkseagreen,,,,,,,,abccd-16,0.0,shopify,24,deny,manual,169.00,,true,true,,https://cdn.shopify.com/s/files/1/0711/4185/1395/files/pro-26.jpg?v=1723118055,1,"",false,,,,,,,,,,,,,,Lorem Ipsum is simply dummy text of the printing and typesetting industry. Lorem Ipsum has been the industry's standa,'2025-09-26,,,,,https://cdn.shopify.com/s/files/1/0711/4185/1395/files/pro-26.jpg?v=1723118055,lb,,199.00,true,,,true,,,active
speed-hand-mixer,,,,,,,,,Crimson,,,,,,,,abccd-18,0.0,shopify,20,deny,manual,169.00,,true,true,"",https://cdn.shopify.com/s/files/1/0711/4185/1395/files/pro-27.jpg?v=1723118055,2,"",,,,,,,,,,,,,,,,,,,,,https://cdn.shopify.com/s/files/1/0711/4185/1395/files/pro-30.jpg?v=1723118055,lb,,199.00,,,,,,,
speed-hand-mixer,,,,,,,,,Black,,,,,,,,abccd-19,0.0,shopify,15,deny,manual,189.00,,true,true,,https://cdn.shopify.com/s/files/1/0711/4185/1395/files/pro-28.jpg?v=1723118056,3,"",,,,,,,,,,,,,,,,,,,,,https://cdn.shopify.com/s/files/1/0711/4185/1395/files/pro-28.jpg?v=1723118056,lb,,199.00,,,,,,,
speed-hand-mixer,,,,,,,,,,,,,,,,,,,,,,,,,,,,https://cdn.shopify.com/s/files/1/0711/4185/1395/files/pro-29.jpg?v=1723118055,4,"",,,,,,,,,,,,,,,,,,,,,,,,,,,,,,,
speed-hand-mixer,,,,,,,,,,,,,,,,,,,,,,,,,,,,https://cdn.shopify.com/s/files/1/0711/4185/1395/files/pro-30.jpg?v=1723118055,5,"",,,,,,,,,,,,,,,,,,,,,,,,,,,,,,,
slice-toaster,Slice toaster,"<div class=""more-description"">
<h2>More Detail</h2>
<ul>
<li>
<p>Lorem Ipsum is simply dummy text of the printing and typesetting industry</p>
</li>
<li>
<p>Lorem Ipsum has been the ‘s standard dummy text. Lorem Ipsumum is simply dummy text.</p>
</li>
<li>
<p>type here your detail one by one li more add</p>
</li>
<li>
<p>has been the industry’s standard dummy text ever since. Lorem Ips</p>
</li>
<li>
<p>Lorem Ipsum is simply dummy text of the printing and typesetting industry.</p>
</li>
<li>
<p>Lorem Ipsum is simply dummy text of the printing and typesetting industry. Lorem Ipsum has been the ‘s standard dummy text. Lorem Ipsum has been the industry’s standard dummy text ever since. Lorem Ipsum is simply dummy text.</p>
</li>
</ul>
</div>
<div class=""more-description"">
<h2>Key Specification</h2>
<ul>
<li>
<p>Lorem Ipsum is simply dummy text of the printing and typesetting industry</p>
</li>
<li>
<p>Lorem Ipsum has been the ‘s standard dummy text. Lorem Ipsumum is simply dummy text.</p>
</li>
<li>
<p>type here your detail one by one li more add</p>
</li>
<li>
<p>has been the industry’s standard dummy text ever since. Lorem Ips</p>
</li>
<li>
<p>Lorem Ipsum is simply dummy text of the printing and typesetting industry.</p>
</li>
<li>
<p>Lorem Ipsum is simply dummy text of the printing and typesetting industry. Lorem Ipsum has been the ‘s standard dummy text. Lorem Ipsum has been the industry’s standard dummy text ever since. Lorem Ipsum is simply dummy text.</p>
</li>
<li>
<p>Lorem Ipsum is simply dummy text of the printing and typesetting industry. Lorem Ipsum has been the ‘s standard dummy text. Lorem Ipsum has been the industry’s standard dummy text ever since. Lorem Ipsum is simply dummy text.</p>
</li>
</ul>
</div>",Knifo,Home & Garden > Kitchen & Dining > Kitchen Appliances,Appliances,"appliances, crimson, khaki, knifo, toaster, wheat",true,Color,Khaki,,,,,,,,abccd-16,0.0,shopify,32,deny,manual,285.00,,true,true,,https://cdn.shopify.com/s/files/1/0711/4185/1395/files/pro-21.jpg?v=1723117245,1,"",false,,,,,,,,,,,,,,Lorem Ipsum is simply dummy text of the printing and typesetting industry. Lorem Ipsum has been the industry's standa,'2026-03-14,,,,,https://cdn.shopify.com/s/files/1/0711/4185/1395/files/pro-21.jpg?v=1723117245,lb,,299.00,true,,,true,,,active
slice-toaster,,,,,,,,,Wheat,,,,,,,,abccd-17,0.0,shopify,12,deny,manual,265.00,,true,true,,https://cdn.shopify.com/s/files/1/0711/4185/1395/files/pro-24.jpg?v=1723117245,2,"",,,,,,,,,,,,,,,,,,,,,https://cdn.shopify.com/s/files/1/0711/4185/1395/files/pro-25.jpg?v=1723117245,lb,,299.00,,,,,,,
slice-toaster,,,,,,,,,Crimson,,,,,,,,abccd-18,0.0,shopify,22,deny,manual,289.00,,true,true,,https://cdn.shopify.com/s/files/1/0711/4185/1395/files/pro-22.jpg?v=1723117246,3,"",,,,,,,,,,,,,,,,,,,,,https://cdn.shopify.com/s/files/1/0711/4185/1395/files/pro-22.jpg?v=1723117246,lb,,299.00,,,,,,,
slice-toaster,,,,,,,,,,,,,,,,,,,,,,,,,,,,https://cdn.shopify.com/s/files/1/0711/4185/1395/files/pro-23.jpg?v=1723117244,4,"",,,,,,,,,,,,,,,,,,,,,,,,,,,,,,,
slice-toaster,,,,,,,,,,,,,,,,,,,,,,,,,,,,https://cdn.shopify.com/s/files/1/0711/4185/1395/files/pro-25.jpg?v=1723117245,5,"",,,,,,,,,,,,,,,,,,,,,,,,,,,,,,,
automatic-toaster,Automatic toaster,"<div class=""more-description"">
<h2>More Detail</h2>
<ul>
<li>
<p>Lorem Ipsum is simply dummy text of the printing and typesetting industry</p>
</li>
<li>
<p>Lorem Ipsum has been the ‘s standard dummy text. Lorem Ipsumum is simply dummy text.</p>
</li>
<li>
<p>type here your detail one by one li more add</p>
</li>
<li>
<p>has been the industry’s standard dummy text ever since. Lorem Ips</p>
</li>
<li>
<p>Lorem Ipsum is simply dummy text of the printing and typesetting industry.</p>
</li>
<li>
<p>Lorem Ipsum is simply dummy text of the printing and typesetting industry. Lorem Ipsum has been the ‘s standard dummy text. Lorem Ipsum has been the industry’s standard dummy text ever since. Lorem Ipsum is simply dummy text.</p>
</li>
</ul>
</div>
<div class=""more-description"">
<h2>Key Specification</h2>
<ul>
<li>
<p>Lorem Ipsum is simply dummy text of the printing and typesetting industry</p>
</li>
<li>
<p>Lorem Ipsum has been the ‘s standard dummy text. Lorem Ipsumum is simply dummy text.</p>
</li>
<li>
<p>type here your detail one by one li more add</p>
</li>
<li>
<p>has been the industry’s standard dummy text ever since. Lorem Ips</p>
</li>
<li>
<p>Lorem Ipsum is simply dummy text of the printing and typesetting industry.</p>
</li>
<li>
<p>Lorem Ipsum is simply dummy text of the printing and typesetting industry. Lorem Ipsum has been the ‘s standard dummy text. Lorem Ipsum has been the industry’s standard dummy text ever since. Lorem Ipsum is simply dummy text.</p>
</li>
<li>
<p>Lorem Ipsum is simply dummy text of the printing and typesetting industry. Lorem Ipsum has been the ‘s standard dummy text. Lorem Ipsum has been the industry’s standard dummy text ever since. Lorem Ipsum is simply dummy text.</p>
</li>
</ul>
</div>",Knifo,Home & Garden > Kitchen & Dining > Kitchen Appliances,Appliances,"appliances, darkseagreen, knifo, olive, silver, toaster",true,Color,Darkseagreen,,,,,,,,abccd-19,0.0,shopify,22,deny,manual,289.00,,true,true,,https://cdn.shopify.com/s/files/1/0711/4185/1395/files/pro-16.jpg?v=1723109243,1,"",false,,,,,,,,,,,,,,Lorem Ipsum is simply dummy text of the printing and typesetting industry. Lorem Ipsum has been the industry's standa,'2026-02-28,,,,,https://cdn.shopify.com/s/files/1/0711/4185/1395/files/pro-16.jpg?v=1723109243,lb,,299.00,true,,,true,,,active
automatic-toaster,,,,,,,,,Olive,,,,,,,,abccd-18,0.0,shopify,12,deny,manual,265.00,,true,true,,https://cdn.shopify.com/s/files/1/0711/4185/1395/files/pro-17.jpg?v=1723109243,2,"",,,,,,,,,,,,,,,,,,,,,https://cdn.shopify.com/s/files/1/0711/4185/1395/files/pro-20.jpg?v=1723109243,lb,,299.00,,,,,,,
automatic-toaster,,,,,,,,,Silver,,,,,,,,abccd-16,0.0,shopify,32,deny,manual,285.00,,true,true,,https://cdn.shopify.com/s/files/1/0711/4185/1395/files/pro-18.jpg?v=1723109243,3,"",,,,,,,,,,,,,,,,,,,,,https://cdn.shopify.com/s/files/1/0711/4185/1395/files/pro-18.jpg?v=1723109243,lb,,299.00,,,,,,,
automatic-toaster,,,,,,,,,,,,,,,,,,,,,,,,,,,,https://cdn.shopify.com/s/files/1/0711/4185/1395/files/pro-19.jpg?v=1723109243,4,"",,,,,,,,,,,,,,,,,,,,,,,,,,,,,,,
automatic-toaster,,,,,,,,,,,,,,,,,,,,,,,,,,,,https://cdn.shopify.com/s/files/1/0711/4185/1395/files/pro-20.jpg?v=1723109243,5,"",,,,,,,,,,,,,,,,,,,,,,,,,,,,,,,
artisan-stand-mixer,Artisan stand mixer,"<div class=""more-description"">
<h2>More Detail</h2>
<ul>
<li>
<p>Lorem Ipsum is simply dummy text of the printing and typesetting industry</p>
</li>
<li>
<p>Lorem Ipsum has been the ‘s standard dummy text. Lorem Ipsumum is simply dummy text.</p>
</li>
<li>
<p>type here your detail one by one li more add</p>
</li>
<li>
<p>has been the industry’s standard dummy text ever since. Lorem Ips</p>
</li>
<li>
<p>Lorem Ipsum is simply dummy text of the printing and typesetting industry.</p>
</li>
<li>
<p>Lorem Ipsum is simply dummy text of the printing and typesetting industry. Lorem Ipsum has been the ‘s standard dummy text. Lorem Ipsum has been the industry’s standard dummy text ever since. Lorem Ipsum is simply dummy text.</p>
</li>
</ul>
</div>
<div class=""more-description"">
<h2>Key Specification</h2>
<ul>
<li>
<p>Lorem Ipsum is simply dummy text of the printing and typesetting industry</p>
</li>
<li>
<p>Lorem Ipsum has been the ‘s standard dummy text. Lorem Ipsumum is simply dummy text.</p>
</li>
<li>
<p>type here your detail one by one li more add</p>
</li>
<li>
<p>has been the industry’s standard dummy text ever since. Lorem Ips</p>
</li>
<li>
<p>Lorem Ipsum is simply dummy text of the printing and typesetting industry.</p>
</li>
<li>
<p>Lorem Ipsum is simply dummy text of the printing and typesetting industry. Lorem Ipsum has been the ‘s standard dummy text. Lorem Ipsum has been the industry’s standard dummy text ever since. Lorem Ipsum is simply dummy text.</p>
</li>
<li>
<p>Lorem Ipsum is simply dummy text of the printing and typesetting industry. Lorem Ipsum has been the ‘s standard dummy text. Lorem Ipsum has been the industry’s standard dummy text ever since. Lorem Ipsum is simply dummy text.</p>
</li>
</ul>
</div>",Knifo,Home & Garden > Kitchen & Dining > Kitchen Appliances,Appliances,"appliances, darkkhaki, gold, khaki, knifo, mixer",true,Color,Darkkhaki,,,,,,,,abccd-17,0.0,shopify,89,deny,manual,339.00,,true,true,"",https://cdn.shopify.com/s/files/1/0711/4185/1395/files/pro-6.jpg?v=1723106412,1,"",false,,,,,,,,,,,,,,Lorem Ipsum is simply dummy text of the printing and typesetting industry. Lorem Ipsum has been the industry's standa,'2026-03-05,,,,,https://cdn.shopify.com/s/files/1/0711/4185/1395/files/pro-6.jpg?v=1723106412,lb,,349.00,true,,,true,,,active
artisan-stand-mixer,,,,,,,,,Khaki,,,,,,,,abccd-16,0.0,shopify,25,deny,manual,315.00,,true,true,,https://cdn.shopify.com/s/files/1/0711/4185/1395/files/pro-7.jpg?v=1723106412,2,"",,,,,,,,,,,,,,,,,,,,,https://cdn.shopify.com/s/files/1/0711/4185/1395/files/pro-9.jpg?v=1723106412,lb,,349.00,,,,,,,
artisan-stand-mixer,,,,,,,,,Gold,,,,,,,,abccd-18,0.0,shopify,79,deny,manual,325.00,,true,true,,https://cdn.shopify.com/s/files/1/0711/4185/1395/files/pro-8.jpg?v=1723106412,3,"",,,,,,,,,,,,,,,,,,,,,https://cdn.shopify.com/s/files/1/0711/4185/1395/files/pro-8.jpg?v=1723106412,lb,,349.00,,,,,,,
artisan-stand-mixer,,,,,,,,,,,,,,,,,,,,,,,,,,,,https://cdn.shopify.com/s/files/1/0711/4185/1395/files/pro-10.jpg?v=1723106412,4,"",,,,,,,,,,,,,,,,,,,,,,,,,,,,,,,
artisan-stand-mixer,,,,,,,,,,,,,,,,,,,,,,,,,,,,https://cdn.shopify.com/s/files/1/0711/4185/1395/files/pro-9.jpg?v=1723106412,5,"",,,,,,,,,,,,,,,,,,,,,,,,,,,,,,,
food-processor,Food processor,"<div class=""more-description"">
<h2>More Detail</h2>
<ul>
<li>
<p>Lorem Ipsum is simply dummy text of the printing and typesetting industry</p>
</li>
<li>
<p>Lorem Ipsum has been the ‘s standard dummy text. Lorem Ipsumum is simply dummy text.</p>
</li>
<li>
<p>type here your detail one by one li more add</p>
</li>
<li>
<p>has been the industry’s standard dummy text ever since. Lorem Ips</p>
</li>
<li>
<p>Lorem Ipsum is simply dummy text of the printing and typesetting industry.</p>
</li>
<li>
<p>Lorem Ipsum is simply dummy text of the printing and typesetting industry. Lorem Ipsum has been the ‘s standard dummy text. Lorem Ipsum has been the industry’s standard dummy text ever since. Lorem Ipsum is simply dummy text.</p>
</li>
</ul>
</div>
<div class=""more-description"">
<h2>Key Specification</h2>
<ul>
<li>
<p>Lorem Ipsum is simply dummy text of the printing and typesetting industry</p>
</li>
<li>
<p>Lorem Ipsum has been the ‘s standard dummy text. Lorem Ipsumum is simply dummy text.</p>
</li>
<li>
<p>type here your detail one by one li more add</p>
</li>
<li>
<p>has been the industry’s standard dummy text ever since. Lorem Ips</p>
</li>
<li>
<p>Lorem Ipsum is simply dummy text of the printing and typesetting industry.</p>
</li>
<li>
<p>Lorem Ipsum is simply dummy text of the printing and typesetting industry. Lorem Ipsum has been the ‘s standard dummy text. Lorem Ipsum has been the industry’s standard dummy text ever since. Lorem Ipsum is simply dummy text.</p>
</li>
<li>
<p>Lorem Ipsum is simply dummy text of the printing and typesetting industry. Lorem Ipsum has been the ‘s standard dummy text. Lorem Ipsum has been the industry’s standard dummy text ever since. Lorem Ipsum is simply dummy text.</p>
</li>
</ul>
</div>",Knifo,Home & Garden > Kitchen & Dining > Kitchen Appliances,Appliances,"appliances, crimson, darkseagreen, khaki, knifo, processor",true,Color,Darkseagreen,,,,,,,,abccd-15,0.0,shopify,33,deny,manual,389.00,,true,true,"",https://cdn.shopify.com/s/files/1/0711/4185/1395/files/pro-15.jpg?v=1723108091,1,"",false,,,,,,,,,,,,,,Lorem Ipsum is simply dummy text of the printing and typesetting industry. Lorem Ipsum has been the industry's standa,'2026-03-14,,,,,https://cdn.shopify.com/s/files/1/0711/4185/1395/files/pro-15.jpg?v=1723108091,lb,,399.00,true,,,true,,,active
food-processor,,,,,,,,,Crimson,,,,,,,,abccd-19,0.0,shopify,65,deny,manual,375.00,,true,true,"",https://cdn.shopify.com/s/files/1/0711/4185/1395/files/pro-12.jpg?v=1723108091,2,"",,,,,,,,,,,,,,,,,,,,,https://cdn.shopify.com/s/files/1/0711/4185/1395/files/pro-11.jpg?v=1723108092,lb,,399.00,,,,,,,
food-processor,,,,,,,,,Khaki,,,,,,,,abccd-17,0.0,shopify,22,deny,manual,379.00,,true,true,"",https://cdn.shopify.com/s/files/1/0711/4185/1395/files/pro-13.jpg?v=1723108091,3,"",,,,,,,,,,,,,,,,,,,,,https://cdn.shopify.com/s/files/1/0711/4185/1395/files/pro-13.jpg?v=1723108091,lb,,399.00,,,,,,,
food-processor,,,,,,,,,,,,,,,,,,,,,,,,,,,,https://cdn.shopify.com/s/files/1/0711/4185/1395/files/pro-14.jpg?v=1723108091,4,"",,,,,,,,,,,,,,,,,,,,,,,,,,,,,,,
food-processor,,,,,,,,,,,,,,,,,,,,,,,,,,,,https://cdn.shopify.com/s/files/1/0711/4185/1395/files/pro-11.jpg?v=1723108092,5,"",,,,,,,,,,,,,,,,,,,,,,,,,,,,,,,
